{
  "Total" : {
    "transaction" : "Total",
    "sampleCount" : 14657,
    "errorCount" : 4796,
    "errorPct" : 32.721565,
    "meanResTime" : 14246.426008050772,
    "medianResTime" : 13555.0,
    "minResTime" : 1.0,
    "maxResTime" : 43308.0,
    "pct1ResTime" : 35723.8,
    "pct2ResTime" : 39166.69999999999,
    "pct3ResTime" : 41672.0,
    "throughput" : 6.036021752245954,
    "receivedKBytesPerSec" : 608.9042377203485,
    "sentKBytesPerSec" : 0.71839783095268
  },
  "Landing page-1" : {
    "transaction" : "Landing page-1",
    "sampleCount" : 3927,
    "errorCount" : 960,
    "errorPct" : 24.446142,
    "meanResTime" : 13607.038197097021,
    "medianResTime" : 17724.0,
    "minResTime" : 9.0,
    "maxResTime" : 23597.0,
    "pct1ResTime" : 21882.800000000003,
    "pct2ResTime" : 22641.8,
    "pct3ResTime" : 23310.72,
    "throughput" : 1.6175910868136052,
    "receivedKBytesPerSec" : 292.293433895613,
    "sentKBytesPerSec" : 0.15234427133020606
  },
  "Landing page" : {
    "transaction" : "Landing page",
    "sampleCount" : 6803,
    "errorCount" : 3836,
    "errorPct" : 56.386887,
    "meanResTime" : 15755.234602381342,
    "medianResTime" : 8331.0,
    "minResTime" : 1.0,
    "maxResTime" : 43308.0,
    "pct1ResTime" : 39462.6,
    "pct2ResTime" : 40899.0,
    "pct3ResTime" : 42080.88,
    "throughput" : 2.8016003261601434,
    "receivedKBytesPerSec" : 305.5533159357234,
    "sentKBytesPerSec" : 0.37657250268196707
  },
  "Landing page-0" : {
    "transaction" : "Landing page-0",
    "sampleCount" : 3927,
    "errorCount" : 0,
    "errorPct" : 0.0,
    "meanResTime" : 12272.005602240888,
    "medianResTime" : 12630.0,
    "minResTime" : 138.0,
    "maxResTime" : 24122.0,
    "pct1ResTime" : 21157.4,
    "pct2ResTime" : 21688.8,
    "pct3ResTime" : 23018.119999999995,
    "throughput" : 1.6262101848711517,
    "receivedKBytesPerSec" : 11.188135500407483,
    "sentKBytesPerSec" : 0.19057150603958808
  }
}