{
  "Total" : {
    "transaction" : "Total",
    "sampleCount" : 17629,
    "errorCount" : 4828,
    "errorPct" : 27.386692,
    "meanResTime" : 14435.186397413387,
    "medianResTime" : 13780.0,
    "minResTime" : 1.0,
    "maxResTime" : 43308.0,
    "pct1ResTime" : 35138.0,
    "pct2ResTime" : 38586.0,
    "pct3ResTime" : 41624.0,
    "throughput" : 6.733352150612586,
    "receivedKBytesPerSec" : 747.7365609480996,
    "sentKBytesPerSec" : 0.8421941966135772
  },
  "Landing page-1" : {
    "transaction" : "Landing page-1",
    "sampleCount" : 4913,
    "errorCount" : 969,
    "errorPct" : 19.723183,
    "meanResTime" : 13339.169346631397,
    "medianResTime" : 16481.0,
    "minResTime" : 9.0,
    "maxResTime" : 23597.0,
    "pct1ResTime" : 21641.2,
    "pct2ResTime" : 22405.800000000003,
    "pct3ResTime" : 23267.739999999998,
    "throughput" : 1.8769173170741025,
    "receivedKBytesPerSec" : 360.0097859576939,
    "sentKBytesPerSec" : 0.18507601457829528
  },
  "Landing page" : {
    "transaction" : "Landing page",
    "sampleCount" : 7803,
    "errorCount" : 3859,
    "errorPct" : 49.455338,
    "meanResTime" : 16662.485326156657,
    "medianResTime" : 12107.0,
    "minResTime" : 1.0,
    "maxResTime" : 43308.0,
    "pct1ResTime" : 38940.8,
    "pct2ResTime" : 40736.2,
    "pct3ResTime" : 42040.96,
    "throughput" : 2.9803361978121283,
    "receivedKBytesPerSec" : 374.8951352745782,
    "sentKBytesPerSec" : 0.4372552671512562
  },
  "Landing page-0" : {
    "transaction" : "Landing page-0",
    "sampleCount" : 4913,
    "errorCount" : 0,
    "errorPct" : 0.0,
    "meanResTime" : 11993.728679014836,
    "medianResTime" : 12123.0,
    "minResTime" : 138.0,
    "maxResTime" : 24122.0,
    "pct1ResTime" : 20928.0,
    "pct2ResTime" : 21579.0,
    "pct3ResTime" : 22907.579999999998,
    "throughput" : 1.8845741487674317,
    "receivedKBytesPerSec" : 12.965649294986871,
    "sentKBytesPerSec" : 0.2208485330586834
  }
}