{
  "Total" : {
    "transaction" : "Total",
    "sampleCount" : 12165,
    "errorCount" : 4336,
    "errorPct" : 35.643238,
    "meanResTime" : 14021.518372379787,
    "medianResTime" : 12630.0,
    "minResTime" : 1.0,
    "maxResTime" : 43308.0,
    "pct1ResTime" : 35303.6,
    "pct2ResTime" : 39819.7,
    "pct3ResTime" : 41728.7,
    "throughput" : 6.60991144403065,
    "receivedKBytesPerSec" : 630.830007839082,
    "sentKBytesPerSec" : 0.7623098393951809
  },
  "Landing page-1" : {
    "transaction" : "Landing page-1",
    "sampleCount" : 3181,
    "errorCount" : 857,
    "errorPct" : 26.941214,
    "meanResTime" : 13741.335429110346,
    "medianResTime" : 18651.0,
    "minResTime" : 9.0,
    "maxResTime" : 23597.0,
    "pct1ResTime" : 22128.0,
    "pct2ResTime" : 22846.299999999996,
    "pct3ResTime" : 23331.54,
    "throughput" : 1.7289481136203173,
    "receivedKBytesPerSec" : 302.2773795227606,
    "sentKBytesPerSec" : 0.1583436693377221
  },
  "Landing page" : {
    "transaction" : "Landing page",
    "sampleCount" : 5803,
    "errorCount" : 3479,
    "errorPct" : 59.951748,
    "meanResTime" : 15174.600206789622,
    "medianResTime" : 6752.0,
    "minResTime" : 1.0,
    "maxResTime" : 43308.0,
    "pct1ResTime" : 39973.2,
    "pct2ResTime" : 41151.8,
    "pct3ResTime" : 42102.88,
    "throughput" : 3.153088048475944,
    "receivedKBytesPerSec" : 316.7551416351136,
    "sentKBytesPerSec" : 0.4014670512350999
  },
  "Landing page-0" : {
    "transaction" : "Landing page-0",
    "sampleCount" : 3181,
    "errorCount" : 0,
    "errorPct" : 0.0,
    "meanResTime" : 12198.169757937769,
    "medianResTime" : 12359.0,
    "minResTime" : 177.0,
    "maxResTime" : 24122.0,
    "pct1ResTime" : 21341.0,
    "pct2ResTime" : 21818.6,
    "pct3ResTime" : 23088.319999999996,
    "throughput" : 1.7460235562234954,
    "receivedKBytesPerSec" : 12.012437454682154,
    "sentKBytesPerSec" : 0.20461213549494087
  }
}